{
  "id": "212e672b-0c5b-485c-a44b-5bd27786a448",
  "prevId": "527263c7-c8c3-41d9-b267-a74dffe41ee7",
  "version": "7",
  "dialect": "postgresql",
  "tables": {
    "public.audit_logs": {
      "name": "audit_logs",
      "schema": "",
      "columns": {
        "guild_id": {
          "name": "guild_id",
          "type": "varchar(28)",
          "primaryKey": true,
          "notNull": true
        },
        "event": {
          "name": "event",
          "type": "jsonb",
          "primaryKey": false,
          "notNull": true
        },
        "created_at": {
          "name": "created_at",
          "type": "timestamp",
          "primaryKey": false,
          "notNull": true,
          "default": "now()"
        }
      },
      "indexes": {},
      "foreignKeys": {
        "audit_logs_guild_id_guilds_id_fk": {
          "name": "audit_logs_guild_id_guilds_id_fk",
          "tableFrom": "audit_logs",
          "tableTo": "guilds",
          "columnsFrom": [
            "guild_id"
          ],
          "columnsTo": [
            "id"
          ],
          "onDelete": "no action",
          "onUpdate": "no action"
        }
      },
      "compositePrimaryKeys": {},
      "uniqueConstraints": {}
    },
    "public.automod_rules": {
      "name": "automod_rules",
      "schema": "",
      "columns": {
        "guild_id": {
          "name": "guild_id",
          "type": "varchar(28)",
          "primaryKey": false,
          "notNull": true
        },
        "rule": {
          "name": "rule",
          "type": "jsonb",
          "primaryKey": false,
          "notNull": true
        },
        "created_at": {
          "name": "created_at",
          "type": "timestamp",
          "primaryKey": false,
          "notNull": true,
          "default": "now()"
        }
      },
      "indexes": {},
      "foreignKeys": {},
      "compositePrimaryKeys": {},
      "uniqueConstraints": {}
    },
    "public.guilds": {
      "name": "guilds",
      "schema": "",
      "columns": {
        "id": {
          "name": "id",
          "type": "varchar(28)",
          "primaryKey": true,
          "notNull": true
        },
        "name": {
          "name": "name",
          "type": "varchar(128)",
          "primaryKey": false,
          "notNull": true
        },
        "joined_at": {
          "name": "joined_at",
          "type": "timestamp",
          "primaryKey": false,
          "notNull": true,
          "default": "now()"
        }
      },
      "indexes": {},
      "foreignKeys": {},
      "compositePrimaryKeys": {},
      "uniqueConstraints": {}
    }
  },
  "enums": {},
  "schemas": {},
  "_meta": {
    "columns": {},
    "schemas": {},
    "tables": {}
  }
}