{
  "id": "3377d954-65ed-4401-9c2a-655c6cd8ae30",
  "prevId": "a76a2986-adad-4d4b-9c72-9770b23bddf5",
  "version": "7",
  "dialect": "postgresql",
  "tables": {
    "public.audit_logs": {
      "name": "audit_logs",
      "schema": "",
      "columns": {
        "guild_id": {
          "name": "guild_id",
          "type": "varchar(28)",
          "primaryKey": true,
          "notNull": true
        },
        "event": {
          "name": "event",
          "type": "jsonb",
          "primaryKey": false,
          "notNull": true
        },
        "created_at": {
          "name": "created_at",
          "type": "timestamp",
          "primaryKey": false,
          "notNull": true,
          "default": "now()"
        }
      },
      "indexes": {},
      "foreignKeys": {
        "audit_logs_guild_id_guilds_id_fk": {
          "name": "audit_logs_guild_id_guilds_id_fk",
          "tableFrom": "audit_logs",
          "tableTo": "guilds",
          "columnsFrom": [
            "guild_id"
          ],
          "columnsTo": [
            "id"
          ],
          "onDelete": "no action",
          "onUpdate": "no action"
        }
      },
      "compositePrimaryKeys": {},
      "uniqueConstraints": {}
    },
    "public.automod_rules": {
      "name": "automod_rules",
      "schema": "",
      "columns": {
        "rule_id": {
          "name": "rule_id",
          "type": "serial",
          "primaryKey": false,
          "notNull": true
        },
        "guild_id": {
          "name": "guild_id",
          "type": "varchar(28)",
          "primaryKey": false,
          "notNull": true
        },
        "rule": {
          "name": "rule",
          "type": "jsonb",
          "primaryKey": false,
          "notNull": true
        },
        "created_at": {
          "name": "created_at",
          "type": "timestamp",
          "primaryKey": false,
          "notNull": true,
          "default": "now()"
        }
      },
      "indexes": {},
      "foreignKeys": {},
      "compositePrimaryKeys": {},
      "uniqueConstraints": {}
    },
    "public.guilds": {
      "name": "guilds",
      "schema": "",
      "columns": {
        "id": {
          "name": "id",
          "type": "varchar(28)",
          "primaryKey": true,
          "notNull": true
        },
        "name": {
          "name": "name",
          "type": "varchar(128)",
          "primaryKey": false,
          "notNull": true
        },
        "joined_at": {
          "name": "joined_at",
          "type": "timestamp",
          "primaryKey": false,
          "notNull": true,
          "default": "now()"
        }
      },
      "indexes": {},
      "foreignKeys": {},
      "compositePrimaryKeys": {},
      "uniqueConstraints": {}
    },
    "public.member_warns": {
      "name": "member_warns",
      "schema": "",
      "columns": {
        "guild_id": {
          "name": "guild_id",
          "type": "varchar(28)",
          "primaryKey": false,
          "notNull": true
        },
        "user_id": {
          "name": "user_id",
          "type": "varchar(28)",
          "primaryKey": false,
          "notNull": true
        },
        "moderator_id": {
          "name": "moderator_id",
          "type": "varchar(28)",
          "primaryKey": false,
          "notNull": true
        },
        "reason": {
          "name": "reason",
          "type": "text",
          "primaryKey": false,
          "notNull": true
        },
        "created_at": {
          "name": "created_at",
          "type": "timestamp",
          "primaryKey": false,
          "notNull": true,
          "default": "now()"
        }
      },
      "indexes": {},
      "foreignKeys": {},
      "compositePrimaryKeys": {},
      "uniqueConstraints": {}
    },
    "public.starboard_configs": {
      "name": "starboard_configs",
      "schema": "",
      "columns": {
        "guildId": {
          "name": "guildId",
          "type": "varchar(28)",
          "primaryKey": true,
          "notNull": true
        },
        "channel_id": {
          "name": "channel_id",
          "type": "varchar(28)",
          "primaryKey": false,
          "notNull": true
        },
        "min_stars": {
          "name": "min_stars",
          "type": "integer",
          "primaryKey": false,
          "notNull": true
        }
      },
      "indexes": {},
      "foreignKeys": {
        "starboard_configs_guildId_guilds_id_fk": {
          "name": "starboard_configs_guildId_guilds_id_fk",
          "tableFrom": "starboard_configs",
          "tableTo": "guilds",
          "columnsFrom": [
            "guildId"
          ],
          "columnsTo": [
            "id"
          ],
          "onDelete": "no action",
          "onUpdate": "no action"
        }
      },
      "compositePrimaryKeys": {},
      "uniqueConstraints": {}
    },
    "public.starboard_messages": {
      "name": "starboard_messages",
      "schema": "",
      "columns": {
        "message_id": {
          "name": "message_id",
          "type": "varchar(28)",
          "primaryKey": true,
          "notNull": true
        },
        "channel_id": {
          "name": "channel_id",
          "type": "varchar(28)",
          "primaryKey": false,
          "notNull": true
        },
        "starCount": {
          "name": "starCount",
          "type": "integer",
          "primaryKey": false,
          "notNull": true
        },
        "last_updated_at": {
          "name": "last_updated_at",
          "type": "timestamp",
          "primaryKey": false,
          "notNull": true,
          "default": "now()"
        },
        "created_at": {
          "name": "created_at",
          "type": "timestamp",
          "primaryKey": false,
          "notNull": true,
          "default": "now()"
        },
        "posted": {
          "name": "posted",
          "type": "boolean",
          "primaryKey": false,
          "notNull": true,
          "default": false
        },
        "posted_message_id": {
          "name": "posted_message_id",
          "type": "varchar(28)",
          "primaryKey": false,
          "notNull": true
        }
      },
      "indexes": {},
      "foreignKeys": {},
      "compositePrimaryKeys": {},
      "uniqueConstraints": {}
    },
    "public.warn_thresholds": {
      "name": "warn_thresholds",
      "schema": "",
      "columns": {
        "id": {
          "name": "id",
          "type": "serial",
          "primaryKey": false,
          "notNull": true
        },
        "guild_id": {
          "name": "guild_id",
          "type": "varchar(28)",
          "primaryKey": false,
          "notNull": true
        },
        "created_at": {
          "name": "created_at",
          "type": "timestamp",
          "primaryKey": false,
          "notNull": true,
          "default": "now()"
        },
        "min_warns": {
          "name": "min_warns",
          "type": "integer",
          "primaryKey": false,
          "notNull": true
        },
        "actions": {
          "name": "actions",
          "type": "varchar(16)[]",
          "primaryKey": false,
          "notNull": true
        },
        "duration": {
          "name": "duration",
          "type": "double precision",
          "primaryKey": false,
          "notNull": true
        }
      },
      "indexes": {},
      "foreignKeys": {},
      "compositePrimaryKeys": {},
      "uniqueConstraints": {}
    }
  },
  "enums": {},
  "schemas": {},
  "_meta": {
    "columns": {},
    "schemas": {},
    "tables": {}
  }
}