{
  "version": "7",
  "dialect": "postgresql",
  "entries": [
    {
      "idx": 0,
      "version": "7",
      "when": 1720558155294,
      "tag": "0000_common_hellcat",
      "breakpoints": true
    },
    {
      "idx": 1,
      "version": "7",
      "when": 1720558258217,
      "tag": "0001_swift_robbie_robertson",
      "breakpoints": true
    },
    {
      "idx": 2,
      "version": "7",
      "when": 1720558771760,
      "tag": "0002_puzzling_loki",
      "breakpoints": true
    },
    {
      "idx": 3,
      "version": "7",
      "when": 1720562963815,
      "tag": "0003_dark_tempest",
      "breakpoints": true
    },
    {
      "idx": 4,
      "version": "7",
      "when": 1720564137237,
      "tag": "0004_cultured_nextwave",
      "breakpoints": true
    },
    {
      "idx": 5,
      "version": "7",
      "when": 1720564279646,
      "tag": "0005_known_lyja",
      "breakpoints": true
    },
    {
      "idx": 6,
      "version": "7",
      "when": 1720723829716,
      "tag": "0006_sharp_forgotten_one",
      "breakpoints": true
    },
    {
      "idx": 7,
      "version": "7",
      "when": 1720724679400,
      "tag": "0007_complex_unicorn",
      "breakpoints": true
    },
    {
      "idx": 8,
      "version": "7",
      "when": 1720724845402,
      "tag": "0008_slimy_shatterstar",
      "breakpoints": true
    },
    {
      "idx": 9,
      "version": "7",
      "when": 1720724857529,
      "tag": "0009_sad_wallop",
      "breakpoints": true
    },
    {
      "idx": 10,
      "version": "7",
      "when": 1720806674121,
      "tag": "0010_flawless_wilson_fisk",
      "breakpoints": true
    },
    {
      "idx": 11,
      "version": "7",
      "when": 1720897045043,
      "tag": "0011_serious_tyger_tiger",
      "breakpoints": true
    },
    {
      "idx": 12,
      "version": "7",
      "when": 1720897103501,
      "tag": "0012_public_the_stranger",
      "breakpoints": true
    },
    {
      "idx": 13,
      "version": "7",
      "when": 1720897165428,
      "tag": "0013_third_boomer",
      "breakpoints": true
    },
    {
      "idx": 14,
      "version": "7",
      "when": 1720897283295,
      "tag": "0014_same_franklin_storm",
      "breakpoints": true
    },
    {
      "idx": 15,
      "version": "7",
      "when": 1720897322223,
      "tag": "0015_glorious_gamora",
      "breakpoints": true
    },
    {
      "idx": 16,
      "version": "7",
      "when": 1720897398470,
      "tag": "0016_silky_maggott",
      "breakpoints": true
    },
    {
      "idx": 17,
      "version": "7",
      "when": 1720897429939,
      "tag": "0017_odd_skin",
      "breakpoints": true
    },
    {
      "idx": 18,
      "version": "7",
      "when": 1720897467984,
      "tag": "0018_blue_smiling_tiger",
      "breakpoints": true
    },
    {
      "idx": 19,
      "version": "7",
      "when": 1720897608213,
      "tag": "0019_clever_gamma_corps",
      "breakpoints": true
    },
    {
      "idx": 20,
      "version": "7",
      "when": 1720897622560,
      "tag": "0020_hard_madame_web",
      "breakpoints": true
    }
  ]
}